Wavelength,Average,Red,Green,Blue
242.847,0,0,0,0
243.053,0,0,0,0
243.258,0,0,0,0
243.464,0,0,0,0
243.670,0,0,0,0
243.875,0,0,0,0
244.081,0,0,0,0
244.287,0,0,0,0
244.493,0,0,0,0
244.698,0,0,0,0
244.904,0,0,0,0
245.110,0,0,0,0
245.315,0,0,0,0
245.521,0,0,0,0
245.727,0,0,0,0
245.932,0,0,0,0
246.138,0,0,0,0
246.344,0,0,0,0
246.549,0,0,0,0
246.755,0,0,0,0
246.961,0,0,0,0
247.166,0,0,0,0
247.372,0,0,0,0
247.578,0,0,0,0
247.783,0,0,0,0
247.989,0,0,0,0
248.195,0,0,0,0
248.401,0,0,0,0
248.606,0,0,0,0
248.812,0,0,0,0
249.018,0,0,0,0
249.223,0,0,0,0
249.429,0,0,0,0
249.635,0,0,0,0
249.840,0,0,0,0
250.046,0,0,0,0
250.252,0,0,0,0
250.457,0,0,0,0
250.663,0,0,0,0
250.869,0,0,0,0
251.074,0,0,0,0
251.280,0,0,0,0
251.486,0,0,0,0
251.691,0,0,0,0
251.897,0,0,0,0
252.103,0,0,0,0
252.309,0,0,0,0
252.514,0,0,0,0
252.720,0,0,0,0
252.926,0,0,0,0
253.131,0,0,0,0
253.337,0,0,0,0
253.543,0,0,0,0
253.748,0,0,0,0
253.954,0,0,0,0
254.160,0,0,0,0
254.365,0,0,0,0
254.571,0,0,0,0
254.777,0,0,0,0
254.982,0,0,0,0
255.188,0,0,0,0
255.394,0,0,0,0
255.599,0,0,0,0
255.805,0,0,0,0
256.011,0,0,0,0
256.217,0,0,0,0
256.422,0,0,0,0
256.628,0,0,0,0
256.834,0,0,0,0
257.039,0,0,0,0
257.245,0,0,0,0
257.451,0,0,0,0
257.656,0,0,0,0
257.862,0,0,0,0
258.068,0,0,0,0
258.273,0,0,0,0
258.479,0,0,0,0
258.685,0,0,0,0
258.890,0,0,0,0
259.096,0,0,0,0
259.302,0,0,0,0
259.507,0,0,0,0
259.713,0,0,0,0
259.919,0,0,0,0
260.125,0,0,0,0
260.330,0,0,0,0
260.536,0,0,0,0
260.742,0,0,0,0
260.947,0,0,0,0
261.153,0,0,0,0
261.359,0,0,0,0
261.564,0,0,0,0
261.770,0,0,0,0
261.976,0,0,0,0
262.181,0,0,0,0
262.387,0,0,0,0
262.593,0,0,0,0
262.798,0,0,0,0
263.004,0,0,0,0
263.210,0,0,0,0
263.415,0,0,0,0
263.621,0,0,0,0
263.827,0,0,0,0
264.033,0,0,0,0
264.238,0,0,0,0
264.444,0,0,0,0
264.650,0,0,0,0
264.855,0,0,0,0
265.061,0,0,0,0
265.267,0,0,0,0
265.472,0,0,0,0
265.678,0,0,0,0
265.884,0,0,0,0
266.089,0,0,0,0
266.295,0,0,0,0
266.501,0,0,0,0
266.706,0,0,0,0
266.912,0,0,0,0
267.118,0,0,0,0
267.323,0,0,0,0
267.529,0,0,0,0
267.735,0,0,0,0
267.941,0,0,0,0
268.146,0,0,0,0
268.352,0,0,0,0
268.558,0,0,0,0
268.763,0,0,0,0
268.969,0,0,0,0
269.175,0,0,0,0
269.380,0,0,0,0
269.586,0,0,0,0
269.792,0,0,0,0
269.997,0,0,0,0
270.203,0,0,0,0
270.409,0,0,0,0
270.614,0,0,0,0
270.820,0,0,0,0
271.026,0,0,0,0
271.232,0,0,0,0
271.437,0,0,0,0
271.643,0,0,0,0
271.849,0,0,0,0
272.054,0,0,0,0
272.260,0,0,0,0
272.466,0,0,0,0
272.671,0,0,0,0
272.877,0,0,0,0
273.083,0,0,0,0
273.288,0,0,0,0
273.494,0,0,0,0
273.700,0,0,0,0
273.905,0,0,0,0
274.111,0,0,0,0
274.317,0,0,0,0
274.522,0,0,0,0
274.728,0,0,0,0
274.934,0,0,0,0
275.140,0,0,0,0
275.345,0,0,0,0
275.551,0,0,0,0
275.757,0,0,0,0
275.962,0,0,0,0
276.168,0,0,0,0
276.374,0,0,0,0
276.579,0,0,0,0
276.785,0,0,0,0
276.991,0,0,0,0
277.196,0,0,0,0
277.402,0,0,0,0
277.608,0,0,0,0
277.813,0,0,0,0
278.019,0,0,0,0
278.225,0,0,0,0
278.430,0,0,0,0
278.636,0,0,0,0
278.842,0,0,0,0
279.048,0,0,0,0
279.253,0,0,0,0
279.459,0,0,0,0
279.665,0,0,0,0
279.870,0,0,0,0
280.076,0,0,0,0
280.282,0,0,0,0
280.487,0,0,0,0
280.693,0,0,0,0
280.899,0,0,0,0
281.104,0,0,0,0
281.310,0,0,0,0
281.516,0,0,0,0
281.721,0,0,0,0
281.927,0,0,0,0
282.133,0,0,0,0
282.338,0,0,0,0
282.544,0,0,0,0
282.750,0,0,0,0
282.956,0,0,0,0
283.161,0,0,0,0
283.367,0,0,0,0
283.573,0,0,0,0
283.778,0,0,0,0
283.984,0,0,0,0
284.190,0,0,0,0
284.395,0,0,0,0
284.601,0,0,0,0
284.807,0,0,0,0
285.012,0,0,0,0
285.218,0,0,0,0
285.424,0,0,0,0
285.629,0,0,0,0
285.835,0,0,0,0
286.041,0,0,0,0
286.246,0,0,0,0
286.452,0,0,0,0
286.658,0,0,0,0
286.864,0,0,0,0
287.069,0,0,0,0
287.275,0,0,0,0
287.481,0,0,0,0
287.686,0,0,0,0
287.892,0,0,0,0
288.098,0,0,0,0
288.303,0,0,0,0
288.509,0,0,0,0
288.715,0,0,0,0
288.920,0,0,0,0
289.126,0,0,0,0
289.332,0,0,0,0
289.537,0,0,0,0
289.743,0,0,0,0
289.949,0,0,0,0
290.154,0,0,0,0
290.360,0,0,0,0
290.566,0,0,0,0
290.772,0,0,0,0
290.977,0,0,0,0
291.183,0,0,0,0
291.389,0,0,0,0
291.594,0,0,0,0
291.800,0,0,0,0
292.006,0,0,0,0
292.211,0,0,0,0
292.417,0,0,0,0
292.623,0,0,0,0
292.828,0,0,0,0
293.034,0,0,0,0
293.240,0,0,0,0
293.445,0,0,0,0
293.651,0,0,0,0
293.857,0,0,0,0
294.062,0,0,0,0
294.268,0,0,0,0
294.474,0,0,0,0
294.680,0,0,0,0
294.885,0,0,0,0
295.091,0,0,0,0
295.297,0,0,0,0
295.502,0,0,0,0
295.708,0,0,0,0
295.914,0,0,0,0
296.119,0,0,0,0
296.325,0,0,0,0
296.531,0,0,0,0
296.736,0,0,0,0
296.942,0,0,0,0
297.148,0,0,0,0
297.353,0,0,0,0
297.559,0,0,0,0
297.765,0,0,0,0
297.970,0,0,0,0
298.176,0,0,0,0
298.382,0,0,0,0
298.588,0,0,0,0
298.793,0,0,0,0
298.999,0,0,0,0
299.205,0,0,0,0
299.410,0,0,0,0
299.616,0,0,0,0
299.822,0,0,0,0
300.027,0,0,0,0
300.233,0,0,0,0
300.439,0,0,0,0
300.644,0,0,0,0
300.850,0,0,0,0
301.056,0,0,0,0
301.261,0,0,0,0
301.467,0,0,0,0
301.673,0,0,0,0
301.878,0,0,0,0
302.084,0,0,0,0
302.290,0,0,0,0
302.496,0,0,0,0
302.701,0,0,0,0
302.907,0,0,0,0
303.113,0,0,0,0
303.318,0,0,0,0
303.524,0,0,0,0
303.730,0,0,0,0
303.935,0,0,0,0
304.141,0,0,0,0
304.347,0,0,0,0
304.552,0,0,0,0
304.758,0,0,0,0
304.964,0,0,0,0
305.169,0,0,0,0
305.375,0,0,0,0
305.581,0,0,0,0
305.786,0,0,0,0
305.992,0,0,0,0
306.198,0,0,0,0
306.404,0,0,0,0
306.609,0,0,0,0
306.815,0,0,0,0
307.021,0,0,0,0
307.226,0,0,0,0
307.432,0,0,0,0
307.638,0,0,0,0
307.843,0,0,0,0
308.049,0,0,0,0
308.255,0,0,0,0
308.460,0,0,0,0
308.666,0,0,0,0
308.872,0,0,0,0
309.077,0,0,0,0
309.283,0,0,0,0
309.489,0,0,0,0
309.695,0,0,0,0
309.900,0,0,0,0
310.106,0,0,0,0
310.312,0,0,0,0
310.517,0,0,0,0
310.723,0,0,0,0
310.929,0,0,0,0
311.134,0,0,0,0
311.340,0,0,0,0
311.546,0,0,0,0
311.751,0,0,0,0
311.957,0,0,0,0
312.163,0,0,0,0
312.368,0,0,0,0
312.574,0,0,0,0
312.780,0,0,0,0
312.985,0,0,0,0
313.191,0,0,0,0
313.397,0,0,0,0
313.603,0,0,0,0
313.808,0,0,0,0
314.014,0,0,0,0
314.220,0,0,0,0
314.425,0,0,0,0
314.631,0,0,0,0
314.837,0,0,0,0
315.042,0,0,0,0
315.248,0,0,0,0
315.454,0,0,0,0
315.659,0,0,0,0
315.865,0,0,0,0
316.071,0,0,0,0
316.276,0,0,0,0
316.482,0,0,0,0
316.688,0,0,0,0
316.893,0,0,0,0
317.099,0,0,0,0
317.305,0,0,0,0
317.511,0,0,0,0
317.716,0,0,0,0
317.922,0,0,0,0
318.128,0,0,0,0
318.333,0,0,0,0
318.539,0,0,0,0
318.745,0,0,0,0
318.950,0,0,0,0
319.156,0,0,0,0
319.362,0,0,0,0
319.567,0,0,0,0
319.773,0,0,0,0
319.979,0,0,0,0
320.184,0,0,0,0
320.390,0,0,0,0
320.596,0,0,0,0
320.801,0,0,0,0
321.007,0,0,0,0
321.213,0,0,0,0
321.419,0,0,0,0
321.624,0,0,0,0
321.830,0,0,0,0
322.036,0,0,0,0
322.241,0,0,0,0
322.447,0,0,0,0
322.653,0,0,0,0
322.858,0,0,0,0
323.064,0,0,0,0
323.270,0,0,0,0
323.475,0,0,0,0
323.681,0,0,0,0
323.887,0,0,0,0
324.092,0,0,0,0
324.298,0,0,0,0
324.504,0,0,0,0
324.709,0,0,0,0
324.915,0,0,0,0
325.121,0,0,0,0
325.327,0,0,0,0
325.532,0,0,0,0
325.738,0,0,0,0
325.944,0,0,0,0
326.149,0,0,0,0
326.355,0,0,0,0
326.561,0,0,0,0
326.766,0,0,0,0
326.972,0,0,0,0
327.178,0,0,0,0
327.383,0,0,0,0
327.589,0,0,0,0
327.795,0,0,0,0
328.000,0,0,0,0
328.206,0,0,0,0
328.412,0,0,0,0
328.617,0,0,0,0
328.823,0,0,0,0
329.029,0,0,0,0
329.235,0,0,0,0
329.440,0,0,0,0
329.646,0,0,0,0
329.852,0,0,0,0
330.057,0,0,0,0
330.263,0,0,0,0
330.469,0,0,0,0
330.674,0,0,0,0
330.880,0,0,0,0
331.086,0,0,0,0
331.291,0,0,0,0
331.497,0,0,0,0
331.703,0,0,0,0
331.908,0,0,0,0
332.114,0,0,0,0
332.320,0,0,0,0
332.525,0,0,0,0
332.731,0,0,0,0
332.937,0,0,0,0
333.143,0,0,0,0
333.348,0,0,0,0
333.554,0,0,0,0
333.760,0,0,0,0
333.965,0,0,0,0
334.171,0,0,0,0
334.377,0,0,0,0
334.582,0,0,0,0
334.788,0,0,0,0
334.994,0,0,0,0
335.199,0,0,0,0
335.405,0,0,0,0
335.611,0,0,0,0
335.816,0,0,0,0
336.022,0,0,0,0
336.228,0,0,0,0
336.433,0,0,0,0
336.639,0,0,0,0
336.845,0,0,0,0
337.051,0,0,0,0
337.256,0,0,0,0
337.462,0,0,0,0
337.668,0,0,0,0
337.873,0,0,0,0
338.079,0,0,0,0
338.285,0,0,0,0
338.490,0,0,0,0
338.696,0,0,0,0
338.902,0,0,0,0
339.107,0,0,0,0
339.313,0,0,0,0
339.519,0,0,0,0
339.724,0,0,0,0
339.930,0,0,0,0
340.136,0,0,0,0
340.341,0,0,0,0
340.547,0,0,0,0
340.753,0,0,0,0
340.959,0,0,0,0
341.164,0,0,0,0
341.370,0,0,0,0
341.576,0,0,0,0
341.781,0,0,0,0
341.987,0,0,0,0
342.193,0,0,0,0
342.398,0,0,0,0
342.604,0,0,0,0
342.810,0,0,0,0
343.015,0,0,0,0
343.221,0,0,0,0
343.427,0,0,0,0
343.632,0,0,0,0
343.838,0,0,0,0
344.044,0,0,0,0
344.25,0,0,0,0
344.455,0,0,0,0
344.661,0,0,0,0
344.867,0,0,0,0
345.072,0,0,0,0
345.278,0,0,0,0
345.484,0,0,0,0
345.689,0,0,0,0
345.895,0,0,0,0
346.101,0,0,0,0
346.306,0,0,0,0
346.512,0,0,0,0
346.718,0,0,0,0
346.923,0,0,0,0
347.129,0,0,0,0
347.335,0,0,0,0
347.540,0,0,0,0
347.746,0,0,0,0
347.952,0,0,0,0
348.158,0,0,0,0
348.363,0,0,0,0
348.569,0,0,0,0
348.775,0,0,0,0
348.980,0,0,0,0
349.186,0,0,0,0
349.392,0,0,0,0
349.597,0,0,0,0
349.803,0,0,0,0
350.009,0,0,0,0
350.214,0,0,0,0
350.420,0,0,0,0
350.626,0,0,0,0
350.831,0,0,0,0
351.037,0,0,0,0
351.243,0,0,0,0
351.448,0,0,0,0
351.654,0,0,0,0
351.860,0,0,0,0
352.066,0,0,0,0
352.271,0,0,0,0
352.477,0,0,0,0
352.683,0,0,0,0
352.888,0,0,0,0
353.094,0,0,0,0
353.300,0,0,0,0
353.505,0,0,0,0
353.711,0,0,0,0
353.917,0,0,0,0
354.122,0,0,0,0
354.328,0,0,0,0
354.534,0,0,0,0
354.739,0,0,0,0
354.945,0,0,0,0
355.151,0,0,0,0
355.356,0,0,0,0
355.562,0,0,0,0
355.768,0,0,0,0
355.974,0,0,0,0
356.179,0,0,0,0
356.385,0,0,0,0
356.591,0,0,0,0
356.796,0,0,0,0
357.002,0,0,0,0
357.208,0,0,0,0
357.413,0,0,0,0
357.619,0,0,0,0
357.825,0,0,0,0
358.030,0,0,0,0
358.236,0,0,0,0
358.442,0,0,0,0
358.647,0,0,0,0
358.853,0,0,0,0
359.059,0,0,0,0
359.264,0,0,0,0
359.470,0,0,0,0
359.676,0,0,0,0
359.882,0,0,0,0
360.087,0,0,0,0
360.293,0,0,0,0
360.499,0,0,0,0
360.704,0,0,0,0
360.910,0,0,0,0
361.116,0,0,0,0
361.321,0,0,0,0
361.527,0,0,0,0
361.733,0,0,0,0
361.938,0,0,0,0
362.144,0,0,0,0
362.350,0,0,0,0
362.555,0,0,0,0
362.761,0,0,0,0
362.967,0,0,0,0
363.172,0,0,0,0
363.378,0,0,0,0
363.584,0,0,0,0
363.790,0,0,0,0
363.995,0,0,0,0
364.201,0,0,0,0
364.407,0,0,0,0
364.612,0,0,0,0
364.818,0,0,0,0
365.024,0,0,0,0
365.229,0,0,0,0
365.435,0,0,0,0
365.641,0,0,0,0
365.846,0,0,0,0
366.052,0,0,0,0
366.258,0,0,0,0
366.463,0,0,0,0
366.669,0,0,0,0
366.875,0,0,0,0
367.080,0,0,0,0
367.286,0,0,0,0
367.492,0,0,0,0
367.698,0,0,0,0
367.903,0,0,0,0
368.109,0,0,0,0
368.315,0,0,0,0
368.520,0,0,0,0
368.726,0,0,0,0
368.932,0,0,0,0
369.137,0,0,0,0
369.343,0,0,0,0
369.549,0,0,0,0
369.754,0,0,0,0
369.960,0,0,0,0
370.166,0,0,0,0
370.371,0,0,0,0
370.577,0,0,0,0
370.783,0,0,0,0
370.988,0,0,0,0
371.194,0,0,0,0
371.400,0,0,0,0
371.606,0,0,0,0
371.811,0,0,0,0
372.017,0,0,0,0
372.223,0,0,0,0
372.428,0,0,0,0
372.634,0,0,0,0
372.840,0,0,0,0
373.045,0,0,0,0
373.251,0,0,0,0
373.457,0,0,0,0
373.662,0,0,0,0
373.868,0,0,0,0
374.074,0,0,0,0
374.279,0,0,0,0
374.485,0,0,0,0
374.691,0,0,0,0
374.896,0,0,0,0
375.102,0,0,0,0
375.308,0,0,0,0
375.514,0,0,0,0
375.719,0,0,0,0
375.925,0,0,0,0
376.131,0,0,0,0
376.336,0,0,0,0
376.542,0,0,0,0
376.748,0,0,0,0
376.953,0,0,0,0
377.159,0,0,0,0
377.365,0,0,0,0
377.570,0,0,0,0
377.776,0,0,0,0
377.982,0,0,0,0
378.187,0,0,0,0
378.393,0,0,0,0
378.599,0,0,0,0
378.804,0,0,0,0
379.010,0,0,0,0
379.216,0,0,0,0
379.422,0,0,0,0
379.627,0,0,0,0
379.833,0,0,0,0
380.039,0,0,0,0
380.244,0,0,0,0
380.450,0,0,0,0
380.656,0,0,0,0
380.861,0,0,0,0
381.067,0,0,0,0
381.273,0,0,0,0
381.478,0,0,0,0
381.684,0,0,0,0
381.890,0,0,0,0
382.095,0,0,0,0
382.301,0,0,0,0
382.507,0,0,0,0
382.713,0,0,0,0
382.918,0,0,0,0
383.124,0,0,0,0
383.330,0,0,0,0
383.535,0,0,0,0
383.741,0,0,0,0
383.947,0,0,0,0
384.152,0,0,0,0
384.358,0,0,0,0
384.564,0,0,0,0
384.769,0,0,0,0
384.975,0,0,0,0
385.181,0,0,0,0
385.386,0,0,0,0
385.592,0,0,0,0
385.798,0,0,0,0
386.003,0,0,0,0
386.209,0,0,0,0
386.415,0,0,0,0
386.621,0,0,0,0
386.826,0,0,0,0
387.032,0,0,0,0
387.238,0,0,0,0
387.443,0,0,0,0
387.649,0,0,0,0
387.855,0,0,0,0
388.060,0,0,0,0
388.266,0,0,0,0
388.472,0,0,0,0
388.677,0,0,0,0
388.883,0,0,0,0
389.089,0,0,0,0
389.294,0,0,0,0
389.500,0,0,0,0
389.706,0,0,0,0
389.911,0,0,0,0
390.117,0,0,0,0
390.323,0,0,0,0
390.529,0,0,0,0
390.734,0,0,0,0
390.940,0,0,0,0
391.146,0,0,0,0
391.351,0,0,0,0
391.557,0,0,0,0
391.763,0,0,0,0
391.968,0,0,0,0
392.174,0,0,0,0
392.380,0,0,0,0
392.585,0,0,0,0
392.791,0,0,0,0
392.997,0,0,0,0
393.202,0,0,0,0
393.408,0,0,0,0
393.614,0,0,0,0
393.819,0,0,0,0
394.025,0,0,0,0
394.231,0,0,0,0
394.437,0,0,0,0
394.642,0,0,0,0
394.848,0,0,0,0
395.054,0,0,0,0
395.259,0,0,0,0
395.465,0,0,0,0
395.671,0,0,0,0
395.876,0,0,0,0
396.082,0,0,0,0
396.288,0,0,0,0
396.493,0,0,0,0
396.699,0,0,0,0
396.905,0,0,0,0
397.110,0,0,0,0
397.316,0,0,0,0
397.522,0,0,0,0
397.727,0,0,0,0
397.933,0,0,0,0
398.139,0,0,0,0
398.345,0,0,0,0
398.550,0,0,0,0
398.756,0,0,0,0
398.962,0,0,0,0
399.167,0,0,0,0
399.373,0,0,0,0
399.579,0,0,0,0
399.784,0,0,0,0
399.990,0,0,0,0
400.196,0,0,0,0
400.401,0,0,0,0
400.607,0,0,0,0
400.813,0,0,0,0
401.018,0,0,0,0
401.224,0,0,0,0
401.430,0,0,0,0
401.635,0,0,0,0
401.841,0,0,0,0
402.047,0,0,0,0
402.253,0,0,0,0
402.458,0,0,0,0
402.664,0,0,0,0
402.870,0,0,0,0
403.075,0,0,0,0
403.281,0,0,0,0
403.487,0,0,0,0
403.692,0,0,0,0
403.898,0,0,0,0
404.104,0,0,0,0
404.309,0,0,0,0
404.515,0,0,0,0
404.721,0,0,0,0
404.926,0,0,0,0
405.132,0,0,0,0
405.338,0,0,0,0
405.543,0,0,0,0
405.749,0,0,0,0
405.955,0,0,0,0
406.161,0,0,0,0
406.366,0,0,0,0
406.572,0,0,0,0
406.778,0,0,0,0
406.983,0,0,0,0
407.189,0,0,0,0
407.395,0,0,0,0
407.600,0,0,0,0
407.806,0,0,0,0
408.012,0,0,0,0
408.217,0,0,0,0
408.423,0,0,0,0
408.629,0,0,0,0
408.834,0,0,0,0
409.040,0,0,0,0
409.246,0,0,0,0
409.451,0,0,0,0
409.657,0,0,0,0
409.863,0,0,0,0
410.069,0,0,0,0
410.274,0,0,0,0
410.480,0,0,0,0
410.686,0,0,0,0
410.891,0,0,0,0
411.097,0,0,0,0
411.303,0,0,0,0
411.508,0,0,0,0
411.714,0,0,0,0
411.920,0,0,0,0
412.125,0,0,0,0
412.331,0,0,0,0
412.537,0,0,0,0
412.742,0,0,0,0
412.948,0,0,0,0
413.154,0,0,0,0
413.359,0,0,0,0
413.565,0,0,0,0
413.771,0,0,0,0
413.977,0,0,0,0
414.182,0,0,0,0
414.388,0,0,0,0
414.594,0,0,0,0
414.799,0,0,0,0
415.005,0,0,0,0
415.211,0,0,0,0
415.416,0,0,0,0
415.622,0,0,0,0
415.828,0,0,0,0
416.033,0,0,0,0
416.239,0,0,0,0
416.445,0,0,0,0
416.650,0,0,0,0
416.856,0,0,0,0
417.062,0,0,0,0
417.267,0,0,0,0
417.473,0,0,0,0
417.679,0,0,0,0
417.885,0,0,0,0
418.090,0,0,0,0
418.296,0,0,0,0
418.502,0,0,0,0
418.707,0,0,0,0
418.913,0,0,0,0
419.119,0,0,0,0
419.324,0,0,0,0
419.530,0,0,0,0
419.736,0,0,0,0
419.941,0,0,0,0
420.147,0,0,0,0
420.353,0,0,0,0
420.558,0,0,0,0
420.764,0,0,0,0
420.970,0,0,0,0
421.176,0,0,0,0
421.381,0,0,0,0
421.587,0,0,0,0
421.793,0,0,0,0
421.998,0,0,0,0
422.204,0,0,0,0
422.410,0,0,0,0
422.615,0,0,0,0
422.821,0,0,0,0
423.027,0,0,0,0
423.232,0,0,0,0
423.438,0,0,0,0
423.644,0,0,0,0
423.849,0,0,0,0
424.055,0,0,0,0
424.261,0,0,0,0
424.466,0,0,0,0
424.672,0,0,0,0
424.878,0,0,0,0
425.084,0,0,0,0
425.289,0,0,0,0
425.495,0,0,0,0
425.701,0,0,0,0
425.906,0,0,0,0
426.112,0,0,0,0
426.318,0,0,0,0
426.523,0,0,0,0
426.729,0,0,0,0
426.935,0,0,0,0
427.140,0,0,0,0
427.346,0,0,0,0
427.552,0,0,0,0
427.757,0,0,0,0
427.963,0,0,0,0
428.169,0,0,0,0
428.374,0,0,0,0
428.580,0,0,0,0
428.786,0,0,0,0
428.992,0,0,0,0
429.197,0,0,0,0
429.403,0,0,0,0
429.609,0,0,0,0
429.814,0,0,0,0
430.020,0,0,0,0
430.226,0,0,0,0
430.431,0,0,0,0
430.637,0,0,0,0
430.843,0,0,0,0
431.048,0,0,0,0
431.254,0,0,0,0
431.460,0,0,0,0
431.665,0,0,0,0
431.871,0,0,0,0
432.077,0,0,0,0
432.282,0,0,0,0
432.488,0,0,0,0
432.694,0,0,0,0
432.900,0,0,0,0
433.105,0,0,0,0
433.311,0,0,0,0
433.517,0,0,0,0
433.722,0,0,0,0
433.928,0,0,0,0
434.134,0,0,0,0
434.339,0,0,0,0
434.545,0,0,0,0
434.751,0,0,0,0
434.956,0,0,0,0
435.162,0,0,0,0
435.368,0,0,0,0
435.573,0,0,0,0
435.779,0,0,0,0
435.985,0,0,0,0
436.190,0,0,0,0
436.396,0,0,0,0
436.602,0,0,0,0
436.808,0,0,0,0
437.013,0,0,0,2
437.219,0,0,0,2
437.425,2,0,1,6
437.630,3,0,0,10
437.836,5,1,0,16
438.042,5,1,0,14
438.247,3,0,0,10
438.453,2,0,1,6
438.659,0,0,0,2
438.864,0,0,0,2
439.070,0,0,0,2
439.276,0,0,0,2
439.481,0,0,0,2
439.687,0,0,0,2
439.893,0,0,0,2
440.098,0,0,0,2
440.304,0,0,0,2
440.510,0,0,0,2
440.716,0,0,0,2
440.921,0,0,0,2
441.127,1,0,0,4
441.333,1,0,0,4
441.538,1,0,0,4
441.744,1,0,0,4
441.950,1,0,0,4
442.155,1,0,0,4
442.361,1,0,0,4
442.567,1,0,0,4
442.772,0,0,0,2
442.978,0,0,0,2
443.184,0,0,0,2
443.389,0,0,0,2
443.595,0,0,0,2
443.801,0,0,0,2
444.006,0,0,0,2
444.212,0,0,0,2
444.418,0,0,0,2
444.624,0,0,0,2
444.829,0,0,0,2
445.035,0,0,0,2
445.241,0,0,0,2
445.446,0,0,0,2
445.652,0,0,0,2
445.858,0,0,0,2
446.063,0,0,0,2
446.269,0,0,0,2
446.475,0,0,0,2
446.680,0,0,0,2
446.886,0,0,0,2
447.092,0,0,0,2
447.297,0,0,0,2
447.503,0,0,0,2
447.709,0,0,0,2
447.914,0,0,0,2
448.120,0,0,0,2
448.326,0,0,0,2
448.532,1,0,0,4
448.737,2,0,1,6
448.943,2,0,1,6
449.149,2,0,0,8
449.354,3,0,0,10
449.560,4,0,0,12
449.766,4,0,0,13
449.971,5,1,0,14
450.177,5,1,0,14
450.383,5,1,0,14
450.588,4,0,0,12
450.794,3,0,0,10
451.000,4,0,0,12
451.205,5,1,0,16
451.411,6,1,0,18
451.617,7,1,0,20
451.822,7,0,1,22
452.028,8,0,0,24
452.234,8,0,0,24
452.440,8,0,0,26
452.645,8,0,0,26
452.851,8,0,0,26
453.057,8,0,0,26
453.262,8,0,0,24
453.468,7,0,1,22
453.674,7,0,1,22
453.879,8,0,0,24
454.085,7,0,0,21
454.291,7,0,0,21
454.496,6,0,0,20
454.702,6,0,0,18
454.908,5,1,0,16
455.113,5,1,0,14
455.319,5,1,0,14
455.525,5,1,0,14
455.730,5,1,0,14
455.936,5,1,0,14
456.142,5,1,0,14
456.348,5,1,0,14
456.553,5,1,0,14
456.759,5,1,0,16
456.965,5,1,0,16
457.170,5,1,0,16
457.376,5,1,0,16
457.582,5,1,0,14
457.787,4,0,0,12
457.993,3,0,0,10
458.199,2,0,0,8
458.404,2,1,0,6
458.610,2,1,0,6
458.816,2,1,0,6
459.021,2,1,0,5
459.227,2,1,0,5
459.433,2,1,0,5
459.639,2,1,0,5
459.844,2,1,0,5
460.050,1,0,0,4
460.256,1,0,0,4
460.461,1,0,0,4
460.667,1,0,0,4
460.873,1,0,0,4
461.078,1,0,0,4
461.284,1,0,0,4
461.490,1,0,0,4
461.695,1,0,0,4
461.901,1,0,0,4
462.107,1,0,0,4
462.312,1,0,0,4
462.518,1,0,0,4
462.724,2,1,0,5
462.929,2,1,0,5
463.135,2,1,0,5
463.341,1,0,0,5
463.547,1,0,0,5
463.752,2,0,1,6
463.958,2,0,0,8
464.164,2,0,0,8
464.369,3,0,0,10
464.575,3,0,0,10
464.781,4,0,0,12
464.986,5,1,1,13
465.192,5,1,0,14
465.398,5,1,0,16
465.603,6,1,0,18
465.809,6,0,0,18
466.015,6,0,0,18
466.220,6,0,0,18
466.426,6,0,0,18
466.632,6,0,0,20
466.837,6,0,0,20
467.043,7,0,0,21
467.249,7,0,0,21
467.455,8,0,0,24
467.660,8,0,0,26
467.866,10,0,0,30
468.072,10,0,0,30
468.277,12,0,0,36
468.483,12,0,0,38
468.689,14,0,1,42
468.894,16,0,0,48
469.100,18,0,0,54
469.306,19,0,1,58
469.511,20,0,0,62
469.717,21,0,0,64
469.923,22,0,0,67
470.128,23,1,0,68
470.334,23,1,0,68
470.540,22,1,0,66
470.745,20,0,0,62
470.951,19,1,0,57
471.157,16,0,0,50
471.363,16,0,1,47
471.568,15,1,0,44
471.774,13,0,0,39
471.980,11,0,0,34
472.185,11,0,1,32
472.391,11,0,1,32
472.597,10,1,0,31
472.802,8,0,0,26
473.008,8,0,0,24
473.214,7,0,1,22
473.419,7,0,0,21
473.625,6,0,0,20
473.831,7,1,0,20
474.036,6,1,0,18
474.242,5,1,0,16
474.448,5,1,0,16
474.653,5,1,0,16
474.859,5,1,1,13
475.065,4,0,0,12
475.271,4,0,0,12
475.476,3,0,0,10
475.682,2,0,0,8
475.888,2,0,0,8
476.093,2,1,0,6
476.299,2,1,0,6
476.505,2,0,0,8
476.710,2,0,0,8
476.916,2,0,0,8
477.122,3,0,0,10
477.327,5,1,0,14
477.533,6,0,0,18
477.739,7,0,1,22
477.944,8,0,0,26
478.150,8,0,0,26
478.356,9,0,0,28
478.561,8,0,0,26
478.767,8,0,0,24
478.973,7,1,0,21
479.179,5,1,0,16
479.384,4,0,0,12
479.590,2,0,0,8
479.796,0,0,0,2
480.001,0,0,0,2
480.207,0,0,0,0
480.413,0,0,0,0
480.618,0,0,0,0
480.824,0,0,0,0
481.030,0,0,0,0
481.235,0,0,0,0
481.441,0,0,0,0
481.647,0,0,0,0
481.852,0,0,0,0
482.058,0,0,0,0
482.264,0,0,0,0
482.469,0,0,0,0
482.675,0,0,0,0
482.881,0,0,0,0
483.087,0,0,0,0
483.292,0,0,0,0
483.498,0,0,0,0
483.704,0,0,0,0
483.909,0,0,0,0
484.115,0,0,0,0
484.321,0,0,0,0
484.526,0,0,0,0
484.732,0,0,0,0
484.938,0,0,0,0
485.143,0,0,0,0
485.349,0,0,0,0
485.555,0,0,0,0
485.760,0,0,0,0
485.966,0,0,0,0
486.172,0,0,0,0
486.377,0,0,0,0
486.583,0,0,0,0
486.789,0,0,0,0
486.995,0,0,0,0
487.200,0,0,0,0
487.406,0,0,0,0
487.612,0,0,0,0
487.817,0,0,0,0
488.023,0,0,0,0
488.229,0,0,0,0
488.434,0,0,0,0
488.640,0,0,0,0
488.846,0,0,0,0
489.051,0,0,0,0
489.257,0,0,0,0
489.463,0,0,0,0
489.668,0,0,0,0
489.874,0,0,0,0
490.080,0,0,0,0
490.285,0,0,0,0
490.491,0,0,0,0
490.697,0,0,0,0
490.903,0,0,0,0
491.108,0,0,0,0
491.314,0,0,0,0
491.520,0,0,0,0
491.725,0,0,0,0
491.931,0,0,0,0
492.137,0,0,0,0
492.342,0,0,0,0
492.548,0,0,0,0
492.754,0,0,0,0
492.959,0,0,0,0
493.165,0,0,0,0
493.371,0,0,0,0
493.576,0,0,0,0
493.782,0,0,0,0
493.988,0,0,0,2
494.193,0,0,0,2
494.399,0,0,0,2
494.605,0,0,0,2
494.811,0,0,0,2
495.016,0,0,0,2
495.222,0,0,0,2
495.428,0,0,0,2
495.633,0,0,0,2
495.839,0,0,0,2
496.045,0,0,0,2
496.250,0,0,0,0
496.456,0,0,0,0
496.662,0,0,0,0
496.867,0,0,0,2
497.073,0,0,0,2
497.279,0,0,0,2
497.484,0,0,0,2
497.690,0,0,0,2
497.896,1,0,0,4
498.102,1,0,0,4
498.307,2,1,0,6
498.513,3,1,0,8
498.719,5,1,1,13
498.924,5,0,1,16
499.130,7,0,2,19
499.336,8,0,3,22
499.541,13,2,10,29
499.747,16,0,16,32
499.953,21,1,22,41
500.158,26,3,28,48
500.364,31,1,36,58
500.570,37,1,43,67
500.775,44,4,51,79
500.981,49,1,61,87
501.187,56,3,68,98
501.392,56,2,69,98
501.598,54,0,68,94
501.804,56,0,70,98
502.010,54,2,67,95
502.215,49,2,59,86
502.421,42,0,52,74
502.627,37,0,47,64
502.832,29,0,37,50
503.038,25,0,32,45
503.244,20,0,23,37
503.449,15,0,17,29
503.655,12,0,15,23
503.861,11,0,13,21
504.066,9,0,9,18
504.272,6,0,5,15
504.478,4,2,2,10
504.683,4,2,3,8
504.889,3,1,2,6
505.095,2,1,2,4
505.300,2,1,2,4
505.506,1,1,1,1
505.712,1,1,1,1
505.918,0,0,0,2
506.123,0,0,0,0
506.329,0,0,0,0
506.535,0,0,0,0
506.740,0,0,0,0
506.946,0,0,0,0
507.152,0,0,0,0
507.357,0,0,0,0
507.563,0,0,0,0
507.769,0,0,0,0
507.974,0,0,0,0
508.180,0,0,0,0
508.386,0,0,0,0
508.591,0,0,0,0
508.797,0,0,0,0
509.003,0,0,0,0
509.208,0,0,0,0
509.414,0,0,0,0
509.620,0,0,0,0
509.826,0,0,0,0
510.031,0,0,0,0
510.237,0,0,0,0
510.443,0,0,0,0
510.648,0,0,0,0
510.854,0,0,0,0
511.060,0,0,0,0
511.265,0,0,0,0
511.471,0,0,0,0
511.677,0,0,0,0
511.882,0,0,0,0
512.088,0,0,0,0
512.294,0,0,0,0
512.499,0,0,0,0
512.705,0,0,0,0
512.911,0,0,0,0
513.116,0,0,0,0
513.322,0,0,0,0
513.528,0,0,0,0
513.734,0,0,0,0
513.939,0,0,0,0
514.145,0,0,0,0
514.351,0,0,0,0
514.556,0,0,0,0
514.762,0,0,0,0
514.968,0,0,0,0
515.173,0,0,0,0
515.379,0,0,0,0
515.585,0,0,0,0
515.790,0,0,0,0
515.996,1,1,1,1
516.202,0,0,0,0
516.407,0,0,0,0
516.613,0,0,0,0
516.819,0,0,0,0
517.024,0,0,2,0
517.230,1,0,5,0
517.436,4,2,9,2
517.642,7,0,21,2
517.847,11,2,27,5
518.053,15,1,35,10
518.259,17,0,39,12
518.464,17,0,39,12
518.670,14,0,36,8
518.876,11,0,30,4
519.081,8,0,25,0
519.287,4,0,14,0
519.493,2,0,6,0
519.698,0,0,1,0
519.904,1,1,1,3
520.110,0,0,0,0
520.315,0,0,1,0
520.521,0,0,0,0
520.727,0,1,0,0
520.932,0,0,0,0
521.138,0,0,0,0
521.344,0,0,0,0
521.550,0,0,0,0
521.755,0,0,0,0
521.961,0,0,0,0
522.167,0,0,0,0
522.372,0,0,0,0
522.578,0,0,0,0
522.784,0,0,0,0
522.989,0,0,0,0
523.195,0,0,0,0
523.401,0,0,0,0
523.606,0,0,0,0
523.812,0,0,0,0
524.018,0,0,0,0
524.223,0,0,0,0
524.429,0,0,0,0
524.635,0,0,0,0
524.840,0,0,0,0
525.046,0,0,0,0
525.252,0,0,0,0
525.458,0,0,0,0
525.663,0,0,0,0
525.869,0,0,0,0
526.075,0,0,0,0
526.280,0,0,0,0
526.486,0,0,0,0
526.692,0,0,0,0
526.897,0,0,0,0
527.103,0,0,0,0
527.309,0,0,0,0
527.514,0,0,0,0
527.720,0,0,0,0
527.926,0,0,0,0
528.131,0,0,0,0
528.337,0,0,0,0
528.543,0,0,0,0
528.748,0,0,0,0
528.954,0,0,0,0
529.160,0,0,0,0
529.366,0,0,0,0
529.571,0,0,0,0
529.777,0,0,0,0
529.983,0,0,0,0
530.188,0,0,0,0
530.394,0,0,0,0
530.600,0,0,0,0
530.805,0,0,0,0
531.011,0,0,0,0
531.217,0,0,0,0
531.422,0,0,0,0
531.628,0,0,0,0
531.834,0,0,0,0
532.039,0,0,0,0
532.245,0,0,0,0
532.451,0,0,0,0
532.656,0,0,0,0
532.862,0,0,0,0
533.068,0,0,0,0
533.274,0,0,0,0
533.479,0,0,0,0
533.685,0,0,0,0
533.891,0,0,0,0
534.096,0,0,0,0
534.302,0,0,0,0
534.508,0,0,0,0
534.713,0,0,0,0
534.919,0,0,0,0
535.125,0,0,0,0
535.330,0,0,0,0
535.536,0,0,0,0
535.742,0,0,0,0
535.947,0,0,0,0
536.153,0,0,0,0
536.359,0,0,0,0
536.565,0,0,0,0
536.770,0,0,0,0
536.976,0,0,0,0
537.182,0,0,0,0
537.387,0,0,0,0
537.593,0,0,0,0
537.799,0,0,0,0
538.004,0,0,0,0
538.210,0,0,0,0
538.416,0,0,0,0
538.621,0,0,0,0
538.827,0,0,0,0
539.033,0,0,0,0
539.238,0,0,0,0
539.444,0,0,0,0
539.650,0,0,0,0
539.855,0,0,0,0
540.061,0,0,0,0
540.267,0,0,0,0
540.473,0,0,0,0
540.678,0,0,0,0
540.884,0,0,0,0
541.090,0,0,0,0
541.295,0,0,0,0
541.501,0,0,0,0
541.707,0,0,0,0
541.912,0,0,0,0
542.118,0,0,0,0
542.324,0,0,0,0
542.529,0,0,0,0
542.735,0,0,0,0
542.941,0,0,0,0
543.146,0,0,0,0
543.352,0,0,0,0
543.558,0,0,0,0
543.763,0,0,0,0
543.969,0,0,0,0
544.175,0,0,0,0
544.381,0,0,0,0
544.586,0,0,0,0
544.792,0,0,0,0
544.998,0,0,0,0
545.203,0,0,0,0
545.409,0,0,0,0
545.615,0,0,0,0
545.820,0,0,0,0
546.026,0,0,0,0
546.232,0,0,0,0
546.437,0,0,0,0
546.643,0,0,0,0
546.849,0,0,0,0
547.054,0,0,0,0
547.260,0,0,2,0
547.466,0,0,0,0
547.671,0,0,0,0
547.877,2,1,6,0
548.083,6,2,16,0
548.289,8,0,24,0
548.494,9,0,29,0
548.700,10,0,31,0
548.906,6,0,19,0
549.111,3,1,8,0
549.317,0,0,0,0
549.523,0,0,0,2
549.728,0,0,0,2
549.934,0,1,0,0
550.140,0,1,0,0
550.345,0,0,1,0
550.551,0,0,0,0
550.757,0,0,0,0
550.962,0,0,0,0
551.168,0,0,0,0
551.374,0,0,0,0
551.579,0,0,0,0
551.785,0,0,0,0
551.991,0,0,0,0
552.197,0,0,0,0
552.402,0,0,0,0
552.608,0,0,0,0
552.814,1,1,1,1
553.019,1,1,1,1
553.225,1,0,2,1
553.431,0,0,2,0
553.636,0,0,2,0
553.842,0,0,1,0
554.048,0,0,2,0
554.253,0,0,2,0
554.459,1,1,3,0
554.665,1,1,3,0
554.870,1,1,3,0
555.076,1,0,4,0
555.282,2,0,5,1
555.487,1,1,3,0
555.693,1,1,3,0
555.899,1,1,3,0
556.105,0,0,2,0
556.310,0,0,2,0
556.516,0,0,2,0
556.722,0,0,2,0
556.927,0,0,2,0
557.133,1,1,3,0
557.339,1,1,3,0
557.544,1,1,3,0
557.750,1,1,3,0
557.956,1,1,3,0
558.161,1,1,3,0
558.367,1,1,3,0
558.573,1,1,3,0
558.778,0,0,2,0
558.984,1,0,3,0
559.190,1,0,4,0
559.395,2,0,5,1
559.601,2,0,5,1
559.807,1,0,5,0
560.013,2,0,7,0
560.218,3,1,8,1
560.424,1,0,5,0
560.630,2,0,6,0
560.835,2,0,6,0
561.041,2,0,7,0
561.247,2,0,7,0
561.452,2,0,7,0
561.658,3,0,9,0
561.864,3,0,9,0
562.069,3,0,10,1
562.275,3,0,9,0
562.481,3,0,9,0
562.686,3,0,10,1
562.892,4,1,11,2
563.098,3,0,10,1
563.303,3,0,10,0
563.509,4,1,11,0
563.715,4,0,12,0
563.921,5,0,14,1
564.126,4,0,13,0
564.332,4,0,12,0
564.538,4,0,12,0
564.743,4,0,12,0
564.949,4,0,14,0
565.155,5,1,15,0
565.360,6,2,16,1
565.566,5,0,17,0
565.772,6,0,19,0
565.977,7,0,21,0
566.183,9,1,25,1
566.389,9,1,27,0
566.594,9,0,29,0
566.800,9,0,29,0
567.006,10,0,31,0
567.211,10,0,32,0
567.417,16,2,42,5
567.623,16,0,47,3
567.829,17,0,52,0
568.034,22,2,64,1
568.240,24,0,74,0
568.446,27,0,81,0
568.651,31,1,89,3
568.857,33,2,98,0
569.063,36,0,108,0
569.268,39,0,118,0
569.474,47,5,133,3
569.680,54,0,159,3
569.885,62,0,188,0
570.091,79,32,207,0
570.297,97,76,217,0
570.502,102,81,225,0
570.708,97,74,218,1
570.914,65,0,197,0
571.119,57,2,171,0
571.325,50,0,148,4
571.531,42,0,125,2
571.737,36,5,104,0
571.942,28,0,85,0
572.148,25,0,77,0
572.354,22,1,66,0
572.559,19,1,56,1
572.765,17,0,50,1
572.971,16,0,46,2
573.176,15,1,44,1
573.382,13,0,40,0
573.588,12,0,36,0
573.793,12,0,36,0
573.999,11,0,34,1
574.205,10,0,31,0
574.410,11,1,32,1
574.616,12,2,33,2
574.822,10,0,31,0
575.028,9,0,29,0
575.233,10,0,31,0
575.439,10,0,30,0
575.645,10,0,30,0
575.850,10,0,31,0
576.056,11,1,32,1
576.262,11,1,32,1
576.467,10,0,31,0
576.673,9,0,29,0
576.879,10,0,31,0
577.084,11,1,32,1
577.290,11,1,32,1
577.496,11,0,33,0
577.701,11,0,34,1
577.907,11,0,34,1
578.113,11,0,34,1
578.318,11,0,34,1
578.524,11,1,32,0
578.730,11,2,33,0
578.936,13,5,35,0
579.141,13,7,34,0
579.347,13,8,32,0
579.553,16,14,33,1
579.758,19,20,37,1
579.964,19,21,37,0
580.170,20,25,37,0
580.375,22,28,40,0
580.581,22,28,40,0
580.787,23,29,40,0
580.992,25,33,41,2
581.198,27,37,42,2
581.404,28,40,42,2
581.609,28,42,43,1
581.815,32,50,48,0
582.021,30,47,45,0
582.226,32,51,47,0
582.432,37,57,51,3
582.638,35,57,50,0
582.844,38,62,52,0
583.049,43,69,58,2
583.255,43,70,60,1
583.461,41,70,54,0
583.666,46,76,59,3
583.872,54,87,66,9
584.078,51,88,67,0
584.283,52,91,67,0
584.489,56,98,69,1
584.695,57,101,71,1
584.900,61,108,76,1
585.106,63,111,77,3
585.312,64,114,78,0
585.517,65,117,79,0
585.723,71,127,86,0
585.929,78,139,92,4
586.134,79,144,92,1
586.340,80,148,94,0
586.546,86,156,101,3
586.752,91,166,109,0
586.957,94,173,110,0
587.163,102,187,119,2
587.369,108,196,125,3
587.574,106,196,124,0
587.780,111,203,130,0
587.986,117,213,137,1
588.191,117,216,136,0
588.397,111,209,126,0
588.603,103,196,115,0
588.808,87,168,94,0
589.014,68,129,71,4
589.220,43,84,45,2
589.425,25,52,24,0
589.631,18,41,15,0
589.837,15,37,10,0
590.042,17,40,12,0
590.248,18,42,13,0
590.454,23,50,19,1
590.660,29,63,26,0
590.865,43,90,41,0
591.071,63,126,62,1
591.277,78,157,79,0
591.482,89,177,91,0
591.688,99,199,99,0
591.894,108,212,110,4
592.099,114,221,116,5
592.305,115,224,118,3
592.511,114,225,117,1
592.716,111,221,113,0
592.922,111,220,114,0
593.128,113,222,115,3
593.333,113,223,115,1
593.539,112,222,113,2
593.745,111,220,111,2
593.950,106,215,105,0
594.156,103,209,100,0
594.362,101,206,97,0
594.568,100,204,96,0
594.773,98,202,94,0
594.979,98,202,94,0
595.185,98,201,92,1
595.390,92,192,85,1
595.596,88,187,79,0
595.802,89,187,81,0
596.007,89,187,80,2
596.213,86,184,75,0
596.419,84,181,72,0
596.624,82,178,69,0
596.830,83,178,70,2
597.036,80,172,65,3
597.241,75,165,59,1
597.447,75,165,60,0
597.653,76,167,62,1
597.858,76,166,60,2
598.064,72,161,55,0
598.270,71,158,57,0
598.476,72,159,57,1
598.681,71,156,55,3
598.887,65,148,47,0
599.093,63,146,45,0
599.298,65,150,46,1
599.504,65,149,46,0
599.710,65,151,45,0
599.915,61,143,40,0
600.121,60,139,40,3
600.327,58,135,37,2
600.532,56,133,35,2
600.738,57,135,36,1
600.944,57,137,36,0
601.149,56,134,35,0
601.355,54,131,33,0
601.561,54,127,32,4
601.766,51,124,29,1
601.972,49,122,26,1
602.178,48,120,24,0
602.384,47,119,23,1
602.589,46,117,21,0
602.795,45,116,19,0
603.001,49,120,23,4
603.206,45,114,18,4
603.412,43,112,16,2
603.618,40,109,13,0
603.823,40,109,13,0
604.029,41,109,13,1
604.235,39,105,11,1
604.440,35,100,5,0
604.646,33,98,3,0
604.852,33,97,2,0
605.057,33,97,2,0
605.263,33,97,2,0
605.469,32,96,2,0
605.674,32,93,2,1
605.880,30,91,0,0
606.086,29,89,0,0
606.292,32,92,2,2
606.497,29,87,1,0
606.703,31,90,2,1
606.909,31,91,1,1
607.114,28,86,0,0
607.320,27,81,0,0
607.526,26,80,0,0
607.731,27,81,1,0
607.937,27,82,1,0
608.143,27,82,1,0
608.348,27,81,0,0
608.554,27,81,0,0
608.760,26,80,0,0
608.965,27,79,1,1
609.171,27,79,1,1
609.377,25,76,0,0
609.582,25,75,0,0
609.788,24,74,0,0
609.994,24,74,0,0
610.200,24,74,0,0
610.405,24,72,0,1
610.611,23,70,0,0
610.817,23,69,0,0
611.022,23,69,1,0
611.228,24,69,1,2
611.434,23,69,0,0
611.639,22,68,0,0
611.845,21,65,0,0
612.051,21,65,0,0
612.256,22,65,1,1
612.462,22,65,1,1
612.668,21,65,0,0
612.873,21,64,0,0
613.079,22,66,0,1
613.285,20,61,0,0
613.491,21,63,0,0
613.696,21,62,1,0
613.902,22,65,1,1
614.108,22,66,0,1
614.313,25,75,0,0
614.519,36,108,0,0
614.725,47,142,0,0
614.930,52,156,0,0
615.136,55,165,0,0
615.342,61,184,1,0
615.547,61,184,1,0
615.753,48,145,0,0
615.959,34,103,0,0
616.164,26,76,0,2
616.370,23,67,1,2
616.576,21,64,0,0
616.781,20,60,0,0
616.987,18,56,0,0
617.193,18,55,1,0
617.399,17,51,0,0
617.604,16,50,0,0
617.810,18,51,1,2
618.016,17,51,0,0
618.221,17,51,0,0
618.427,16,50,0,0
618.633,17,50,2,0
618.838,18,50,2,2
619.044,15,46,0,0
619.250,15,45,0,0
619.455,15,45,1,0
619.661,16,48,0,0
619.867,16,48,0,0
620.072,15,46,0,0
620.278,14,44,0,0
620.484,14,44,0,0
620.689,14,44,0,0
620.895,16,46,0,2
621.101,16,46,0,2
621.307,15,44,0,1
621.512,15,44,0,1
621.718,14,42,0,1
621.924,14,42,0,1
622.129,13,40,0,0
622.335,13,40,0,0
622.541,13,39,0,0
622.746,13,39,0,0
622.952,13,40,0,0
623.158,13,40,0,0
623.363,13,40,0,0
623.569,13,40,0,1
623.775,12,38,0,0
623.980,13,39,0,1
624.186,13,39,0,1
624.392,12,36,0,0
624.597,12,36,0,0
624.803,12,36,0,0
625.009,12,36,0,0
625.215,12,36,0,0
625.420,12,36,0,0
625.626,12,36,0,0
625.832,11,35,0,0
626.037,11,35,0,0
626.243,11,35,0,0
626.449,11,35,0,0
626.654,11,34,0,0
626.860,11,34,0,0
627.066,11,34,0,0
627.271,11,32,1,0
627.477,10,31,0,0
627.683,10,31,0,0
627.888,11,32,1,0
628.094,11,32,1,0
628.300,10,31,0,0
628.505,11,32,1,0
628.711,11,32,1,0
628.917,12,35,1,0
629.123,11,34,0,0
629.328,11,34,0,0
629.534,10,31,0,0
629.740,10,31,0,0
629.945,10,31,0,0
630.151,10,31,0,0
630.357,10,31,0,0
630.562,10,31,0,0
630.768,10,31,0,0
630.974,11,32,0,1
631.179,11,31,1,1
631.385,10,30,0,0
631.591,10,30,0,0
631.796,10,30,0,0
632.002,10,30,0,0
632.208,11,31,1,1
632.413,10,30,0,0
632.619,10,30,0,0
632.825,9,28,0,0
633.031,9,28,0,0
633.236,9,28,0,0
633.442,10,30,0,0
633.648,10,30,0,0
633.853,10,30,0,0
634.059,11,32,0,1
634.265,11,32,0,1
634.470,10,31,0,0
634.676,10,30,0,0
634.882,9,28,0,0
635.087,8,26,0,0
635.293,8,26,0,0
635.499,8,26,0,0
635.704,9,28,0,0
635.910,10,29,1,0
636.116,10,29,1,0
636.321,9,28,0,0
636.527,9,28,0,0
636.733,9,28,0,0
636.939,9,28,0,1
637.144,9,26,0,1
637.350,9,26,0,1
637.556,9,26,0,1
637.761,9,26,0,1
637.967,9,25,1,1
638.173,8,24,0,0
638.378,8,24,0,0
638.584,9,25,1,1
638.790,9,25,1,1
638.995,9,26,0,1
639.201,9,28,0,1
639.407,8,23,2,1
639.612,7,22,1,0
639.818,8,24,0,0
640.024,8,24,0,0
640.229,8,24,0,0
640.435,8,24,0,0
640.641,8,24,0,0
640.847,7,23,0,0
641.052,7,20,0,1
641.258,7,20,0,1
641.464,7,21,0,1
641.669,7,21,0,1
641.875,7,21,0,1
642.081,7,21,0,1
642.286,7,21,0,1
642.492,7,21,0,1
642.698,6,20,0,0
642.903,6,20,0,0
643.109,7,20,0,1
643.315,7,20,0,1
643.520,7,19,1,1
643.726,7,19,1,1
643.932,7,19,1,1
644.137,7,19,1,1
644.343,7,19,1,1
644.549,6,18,0,0
644.755,6,18,0,0
644.960,6,18,0,0
645.166,7,19,1,1
645.372,7,19,1,1
645.577,7,19,1,1
645.783,6,18,0,0
645.989,6,18,0,1
646.194,6,18,0,1
646.400,5,16,0,1
646.606,5,16,0,1
646.811,5,15,0,0
647.017,4,14,0,0
647.223,4,14,0,0
647.428,4,14,0,0
647.634,4,14,0,0
647.840,4,14,0,0
648.045,4,14,0,0
648.251,4,14,0,0
648.457,4,14,0,0
648.663,4,14,0,0
648.868,5,15,0,0
649.074,5,15,0,0
649.280,4,12,0,0
649.485,4,12,0,0
649.691,4,14,0,0
649.897,4,14,0,0
650.102,5,15,0,0
650.308,4,14,0,0
650.514,4,14,0,0
650.719,4,12,0,0
650.925,4,14,0,0
651.131,4,14,0,0
651.336,4,14,0,0
651.542,4,14,0,0
651.748,5,15,1,1
651.954,5,15,1,1
652.159,4,14,0,0
652.365,4,13,0,0
652.571,5,15,1,1
652.776,4,12,0,0
652.982,3,10,0,0
653.188,3,9,0,0
653.393,3,10,0,0
653.599,4,12,0,0
653.805,5,13,1,1
654.010,5,15,1,1
654.216,5,13,1,1
654.422,4,12,0,0
654.627,3,11,0,0
654.833,4,11,1,0
655.039,4,11,1,0
655.244,3,9,0,0
655.450,3,9,0,0
655.656,3,10,0,1
655.862,4,11,1,2
656.067,3,10,0,1
656.273,3,9,0,1
656.479,2,8,0,0
656.684,2,6,0,0
656.890,2,6,0,0
657.096,1,4,0,0
657.301,1,4,0,0
657.507,1,2,0,1
657.713,1,2,0,1
657.918,1,4,0,1
658.124,1,4,0,1
658.330,1,4,0,1
658.535,1,4,0,1
658.741,1,2,0,1
658.947,0,0,0,0
659.152,0,0,0,0
659.358,0,0,0,0
659.564,0,0,0,0
659.770,0,0,0,0
659.975,0,0,0,0
660.181,0,0,0,0
660.387,0,0,0,0
660.592,0,0,0,0
660.798,0,0,0,0
661.004,0,0,0,0
661.209,0,0,0,0
661.415,0,0,0,0
661.621,0,0,0,0
661.826,0,0,0,0
662.032,0,0,0,0
662.238,0,0,0,0
662.443,0,0,0,0
662.649,0,0,0,0
662.855,0,0,0,0
663.060,0,0,0,0
663.266,0,0,0,0
663.472,0,0,0,0
663.678,0,0,0,0
663.883,0,0,0,0
664.089,0,0,0,0
664.295,0,0,0,0
664.500,0,0,0,0
664.706,0,0,0,0
664.912,0,0,0,0
665.117,0,0,0,0
665.323,0,0,0,0
665.529,0,0,0,0
665.734,0,0,0,0
665.940,0,0,0,0
666.146,0,0,0,0
666.351,0,0,0,0
666.557,0,0,0,0
666.763,0,0,0,0
666.968,0,0,0,0
667.174,0,0,0,0
667.380,0,0,0,0
667.586,0,0,0,0
667.791,0,0,0,0
667.997,0,0,0,0
668.203,0,0,0,0
668.408,0,0,0,0
668.614,0,0,0,0
668.820,0,0,0,0
669.025,0,0,0,0
669.231,0,0,0,0
669.437,0,0,0,0
669.642,0,0,0,0
669.848,0,0,0,0
670.054,0,0,0,0
670.259,0,0,0,0
670.465,0,0,0,0
670.671,0,0,0,0
670.876,0,0,0,0
671.082,0,0,0,0
671.288,0,0,0,0
671.494,0,0,0,0
671.699,0,0,0,0
671.905,0,0,0,0
672.111,0,0,0,0
672.316,0,0,0,0
672.522,0,0,0,0
672.728,0,0,0,0
672.933,0,0,0,0
673.139,0,0,0,0
673.345,0,0,0,0
673.550,0,0,0,0
673.756,0,0,0,0
673.962,0,0,0,0
674.167,0,0,0,0
674.373,0,0,0,0
674.579,0,0,0,0
674.784,0,0,0,0
674.990,0,0,0,0
675.196,0,0,0,0
675.402,0,0,0,0
675.607,0,0,0,0
675.813,0,0,0,0
676.019,0,0,0,0
676.224,0,0,0,0
676.430,0,0,0,0
676.636,0,0,0,0
676.841,0,0,0,0
677.047,0,0,0,0
677.253,0,0,0,0
677.458,0,0,0,0
677.664,0,0,0,0
677.870,0,0,0,0
678.075,0,0,0,0
678.281,0,0,0,0
678.487,0,0,0,0
678.692,0,0,0,0
678.898,0,0,0,0
679.104,0,0,0,0
679.310,0,0,0,0
679.515,0,0,0,0
679.721,0,0,0,0
679.927,0,0,0,0
680.132,0,0,0,0
680.338,0,0,0,0
680.544,0,0,0,0
680.749,0,0,0,0
680.955,0,0,0,0
681.161,0,0,0,0
681.366,0,0,0,0
681.572,0,0,0,0
681.778,0,0,0,0
681.983,0,0,0,0
682.189,0,0,0,0
682.395,0,0,0,0
682.600,0,0,0,0
682.806,0,0,0,0
683.012,0,0,0,0
683.218,0,0,0,0
683.423,0,0,0,0
683.629,0,0,0,0
683.835,0,0,0,0
684.040,0,0,0,0
684.246,0,0,0,0
684.452,0,0,0,0
684.657,0,0,0,0
684.863,0,0,0,0
685.069,0,0,0,0
685.274,0,0,0,0
685.480,0,0,0,0
685.686,0,0,0,0
685.891,0,0,0,0
686.097,0,0,0,0
686.303,0,0,0,0
686.508,0,0,0,0
686.714,0,0,0,0
686.920,0,0,0,0
687.126,0,0,0,0
687.331,0,0,0,0
687.537,0,0,0,0
687.743,0,0,0,0
687.948,0,0,0,0
688.154,0,0,0,0
688.360,0,0,0,0
688.565,0,0,0,0
688.771,0,0,0,0
688.977,0,0,0,0
689.182,0,0,0,0
689.388,0,0,0,0
689.594,0,0,0,0
689.799,0,0,0,0
690.005,0,0,0,0
